championId,name,trait1,trait2
aatrox,Aatrox,early_dominant,
ahri,Ahri,high_first_blood,late_scaling
akali,Akali,high_first_blood,
akshan,Akshan,high_first_blood,
alistar,Alistar,objective_control,
ambessa,Ambessa,high_first_blood,
amumu,Amumu,objective_control,
anivia,Anivia,late_scaling,
annie,Annie,late_scaling,
aphelios,Aphelios,,
ashe,Ashe,late_scaling,
aurelion-sol,Aurelion Sol,late_scaling,
aurora,Aurora,high_first_blood,late_scaling
azir,Azir,late_scaling,
bard,Bard,,
belveth,Bel'Veth,,
blitzcrank,Blitzcrank,objective_control,
brand,Brand,late_scaling,
braum,Braum,objective_control,
briar,Briar,high_first_blood,teamfight
caitlyn,Caitlyn,late_scaling,early_dominant
camille,Camille,high_first_blood,objective_control
cassiopeia,Cassiopeia,late_scaling,
chogath,Cho'Gath,objective_control,late_scaling
corki,Corki,late_scaling,early_dominant
darius,Darius,objective_control,early_dominant
diana,Diana,high_first_blood,objective_control
draven,Draven,late_scaling,early_dominant
dr-mundo,Dr. Mundo,objective_control,
ekko,Ekko,high_first_blood,late_scaling
elise,Elise,high_first_blood,late_scaling
evelynn,Evelynn,high_first_blood,late_scaling
ezreal,Ezreal,late_scaling,
fiddlesticks,Fiddlesticks,late_scaling,
fiora,Fiora,high_first_blood,
fizz,Fizz,high_first_blood,
galio,Galio,objective_control,
gangplank,Gangplank,objective_control,teamfight
garen,Garen,objective_control,teamfight
gnar,Gnar,objective_control,teamfight
gragas,Gragas,objective_control,
graves,Graves,late_scaling,early_dominant
gwen,Gwen,,
hecarim,Hecarim,objective_control,early_dominant
heimerdinger,Heimerdinger,late_scaling,objective_control
hwei,Hwei,late_scaling,
illaoi,Illaoi,objective_control,early_dominant
irelia,Irelia,high_first_blood,
ivern,Ivern,late_scaling,objective_control
janna,Janna,late_scaling,objective_control
jarvan-iv,Jarvan IV,objective_control,teamfight
jax,Jax,teamfight,
jayce,Jayce,late_scaling,early_dominant
jhin,Jhin,late_scaling,early_dominant
jinx,Jinx,late_scaling,early_dominant
kaisa,Kai'Sa,late_scaling,early_dominant
kalista,Kalista,late_scaling,early_dominant
karma,Karma,late_scaling,objective_control
karthus,Karthus,late_scaling,
kassadin,Kassadin,high_first_blood,late_scaling
katarina,Katarina,high_first_blood,late_scaling
kayle,Kayle,late_scaling,
kayn,Kayn,high_first_blood,objective_control
kennen,Kennen,late_scaling,
khazix,Kha'Zix,high_first_blood,
kindred,Kindred,late_scaling,early_dominant
kled,Kled,early_dominant,
kog-maw,Kog'Maw,late_scaling,early_dominant
k-sante,K'Sante,objective_control,early_dominant
leblanc,LeBlanc,high_first_blood,late_scaling
lee-sin,Lee Sin,high_first_blood,teamfight
leona,Leona,objective_control,
lillia,Lillia,late_scaling,
lissandra,Lissandra,late_scaling,
locke,Locke,high_first_blood,
lucian,Lucian,high_first_blood,late_scaling
lulu,Lulu,late_scaling,objective_control
lux,Lux,late_scaling,
malphite,Malphite,objective_control,late_scaling
malzahar,Malzahar,late_scaling,
maokai,Maokai,objective_control,
master-yi,Master Yi,high_first_blood,
mel,Mel,late_scaling,
milio,Milio,late_scaling,
miss-fortune,Miss Fortune,late_scaling,early_dominant
monkey-king,Wukong,objective_control,early_dominant
mordekaiser,Mordekaiser,objective_control,late_scaling
morgana,Morgana,late_scaling,objective_control
naafiri,Naafiri,high_first_blood,teamfight
nami,Nami,late_scaling,
nasus,Nasus,objective_control,teamfight
nautilus,Nautilus,objective_control,
neeko,Neeko,late_scaling,
nidalee,Nidalee,high_first_blood,late_scaling
nilah,Nilah,high_first_blood,
nocturne,Nocturne,high_first_blood,teamfight
nunu,Nunu & Willump,objective_control,late_scaling
olaf,Olaf,objective_control,early_dominant
orianna,Orianna,late_scaling,
ornn,Ornn,objective_control,
pantheon,Pantheon,high_first_blood,
poppy,Poppy,objective_control,teamfight
pyke,Pyke,high_first_blood,
qiyana,Qiyana,high_first_blood,
quinn,Quinn,high_first_blood,late_scaling
rakan,Rakan,,
rammus,Rammus,objective_control,
rek-sai,Rek'Sai,objective_control,early_dominant
rell,Rell,objective_control,
renata,Renata Glasc,late_scaling,objective_control
renekton,Renekton,objective_control,early_dominant
rengar,Rengar,high_first_blood,
riven,Riven,high_first_blood,teamfight
rumble,Rumble,objective_control,late_scaling
ryze,Ryze,late_scaling,
samira,Samira,high_first_blood,late_scaling
sejuani,Sejuani,objective_control,
senna,Senna,late_scaling,
seraphine,Seraphine,,
sett,Sett,objective_control,early_dominant
shaco,Shaco,high_first_blood,
shen,Shen,objective_control,
shyvana,Shyvana,objective_control,early_dominant
singed,Singed,objective_control,late_scaling
sion,Sion,objective_control,
sivir,Sivir,late_scaling,early_dominant
skarner,Skarner,objective_control,teamfight
smolder,Smolder,late_scaling,early_dominant
sona,Sona,late_scaling,
soraka,Soraka,late_scaling,objective_control
swain,Swain,late_scaling,objective_control
sylas,Sylas,high_first_blood,late_scaling
syndra,Syndra,late_scaling,
tahm-kench,Tahm Kench,objective_control,
taliyah,Taliyah,late_scaling,objective_control
talon,Talon,high_first_blood,
taric,Taric,objective_control,
teemo,Teemo,late_scaling,
thresh,Thresh,objective_control,
tristana,Tristana,high_first_blood,late_scaling
trundle,Trundle,objective_control,teamfight
tryndamere,Tryndamere,high_first_blood,teamfight
twisted-fate,Twisted Fate,,
twitch,Twitch,high_first_blood,late_scaling
udyr,Udyr,objective_control,early_dominant
urgot,Urgot,objective_control,early_dominant
varus,Varus,late_scaling,
vayne,Vayne,high_first_blood,late_scaling
veigar,Veigar,late_scaling,
velkoz,Vel'Koz,late_scaling,
vex,Vex,,
vi,Vi,high_first_blood,teamfight
viego,Viego,high_first_blood,
viktor,Viktor,late_scaling,
vladimir,Vladimir,objective_control,late_scaling
volibear,Volibear,objective_control,teamfight
warwick,Warwick,objective_control,early_dominant
xayah,Xayah,late_scaling,early_dominant
xerath,Xerath,late_scaling,
xin-zhao,Xin Zhao,objective_control,early_dominant
yasuo,Yasuo,high_first_blood,
yone,Yone,high_first_blood,
yorick,Yorick,objective_control,teamfight
yunara,Yunara,late_scaling,early_dominant
yuumi,Yuumi,late_scaling,
zaahen,Zaahen,high_first_blood,objective_control
zac,Zac,objective_control,
zed,Zed,high_first_blood,
zeri,Zeri,late_scaling,early_dominant
ziggs,Ziggs,late_scaling,
zilean,Zilean,late_scaling,objective_control
zoe,Zoe,late_scaling,
zyra,Zyra,late_scaling,
